"","iso3","g_whoregion","deaths","deathslo","deathshi","deathsY","deathsYlo","deathsYhi","deathsH","deathsHlo","deathsHhi","DeathsOnTx","DeathsOnTxlo","DeathsOnTxhi","DeathsOnTxY","DeathsOnTxYlo","DeathsOnTxYhi","DeathsOffTx","DeathsOffTxlo","DeathsOffTxhi","DeathsOffTxY","DeathsOffTxYlo","DeathsOffTxYhi","HIV","HIVinTB","HIVinDeaths","HIVlo","HIVinTBlo","HIVinDeathslo","HIVhi","HIVinTBhi","HIVinDeathshi","country"
"1","ABW","AMR",0,0,0,0,0,0,0,0,0,0,0,0,0,0,0,0,0,0,0,0,0,0,0,0,0,0,0,0,0,0,"Aruba"
"2","AFG","EMR",1052,267,2558,860,21,2519,3,0,41,67,30,170,41,12,139,974,184,2469,808,0,2450,0,1,3,0,0,0,0,10,43,"Afghanistan"
"3","AGO","AFR",3923,2067,6639,2891,628,5461,999,105,4710,0,0,0,0,0,0,2590,1127,4534,2026,472,4249,2,122,271,1,12,34,3,537,769,"Angola"
"4","AIA","AMR",0,0,0,0,0,0,0,0,0,0,0,0,0,0,0,0,0,0,0,0,0,0,0,0,0,0,0,0,0,0,"Anguilla"
"5","ALB","EUR",12,5,20,9,0,20,0,0,0,0,0,0,0,0,0,11,5,20,9,0,20,0,0,0,0,0,0,0,0,0,"Albania"
"6","AND","EUR",0,0,0,0,0,0,0,0,0,0,0,0,0,0,0,0,0,0,0,0,0,0,0,0,0,0,0,0,0,0,"Andorra"
"7","ARE","EMR",2,1,4,2,0,4,0,0,0,0,0,0,0,0,0,2,1,4,2,0,4,0,0,0,0,0,0,0,0,0,"United Arab Emirates"
"8","ARG","AMR",57,8,219,46,3,212,0,0,3,13,6,30,7,2,25,42,0,203,39,0,203,0,1,4,0,0,0,0,12,51,"Argentina"
"9","ARM","EUR",26,12,43,20,1,42,0,0,0,0,0,1,0,0,1,25,12,43,20,0,42,0,0,0,0,0,0,0,0,0,"Armenia"
"10","ASM","WPR",0,0,0,0,0,0,0,0,0,0,0,0,0,0,0,0,0,0,0,0,0,0,0,0,0,0,0,0,0,0,"American Samoa"
"11","ATG","AMR",0,0,0,0,0,0,0,0,0,0,0,0,0,0,0,0,0,0,0,0,0,0,0,0,0,0,0,0,0,0,"Antigua and Barbuda"
"12","AUS","WPR",16,6,33,12,0,32,0,0,0,1,0,2,0,0,2,15,5,32,12,0,31,0,0,1,0,0,0,0,3,9,"Australia"
"13","AUT","EUR",8,3,15,6,0,15,0,0,0,0,0,1,0,0,0,7,2,15,6,0,15,0,0,0,0,0,0,0,0,0,"Austria"
"14","AZE","EUR",154,69,263,136,21,258,0,0,5,2,1,4,1,0,2,151,68,259,135,20,256,0,1,2,0,0,0,0,16,36,"Azerbaijan"
"15","BDI","AFR",553,278,1017,441,79,893,115,11,634,4,1,10,2,1,9,384,159,710,318,58,698,2,97,228,1,10,26,2,507,739,"Burundi"
"16","BEL","EUR",6,1,20,5,0,19,0,0,0,1,0,2,1,0,2,5,0,19,4,0,19,0,0,0,0,0,0,0,0,0,"Belgium"
"17","BEN","AFR",215,104,389,175,27,363,24,3,192,1,1,3,0,0,2,172,71,314,145,21,302,1,52,122,1,5,12,1,375,613,"Benin"
"18","BES","AMR",0,0,0,0,0,0,0,0,0,0,0,0,0,0,0,0,0,0,0,0,0,0,0,0,0,0,0,0,0,0,"Bonaire, Saint Eustatius and Saba"
"19","BFA","AFR",349,186,575,269,71,524,42,5,285,1,0,1,0,0,0,283,146,477,229,58,455,1,51,124,1,6,15,1,343,588,"Burkina Faso"
"20","BGD","SEA",9424,4359,16699,7520,1323,16091,6,1,77,80,37,172,17,5,62,9297,4262,16625,7488,1308,16073,0,0,1,0,0,0,0,3,9,"Bangladesh"
"21","BGR","EUR",15,3,41,14,0,41,0,0,0,1,1,4,1,0,3,14,1,40,14,0,40,0,0,0,0,0,0,0,0,0,"Bulgaria"
"22","BHR","EMR",6,3,9,5,1,9,0,0,0,0,0,0,0,0,0,6,3,9,5,1,9,0,0,0,0,0,0,0,0,0,"Bahrain"
"23","BHS","AMR",0,0,1,0,0,0,0,0,0,0,0,0,0,0,0,0,0,0,0,0,0,1,14,85,0,1,7,1,138,586,"Bahamas"
"24","BIH","EUR",21,10,38,15,1,37,0,0,0,0,0,0,0,0,0,21,9,38,15,1,37,0,0,0,0,0,0,0,0,0,"Bosnia and Herzegovina"
"25","BLR","EUR",95,50,159,76,15,152,1,0,11,0,0,0,0,0,0,93,49,154,75,15,149,0,4,8,0,0,1,0,51,113,"Belarus"
"26","BLZ","AMR",2,1,4,2,0,4,0,0,1,0,0,0,0,0,0,2,1,4,2,0,4,1,21,41,0,2,3,2,180,335,"Belize"
"27","BMU","AMR",0,0,0,0,0,0,0,0,0,0,0,0,0,0,0,0,0,0,0,0,0,0,0,0,0,0,0,0,0,0,"Bermuda"
"28","BOL","AMR",369,168,709,303,20,696,4,0,53,5,2,12,2,1,8,354,153,687,295,19,678,0,5,11,0,0,1,0,58,131,"Bolivia (Plurinational State of)"
"29","BRA","AMR",1843,821,3099,1414,33,3020,15,2,141,29,12,75,17,5,61,1786,777,3019,1376,0,2959,0,4,8,0,0,1,0,36,73,"Brazil"
"30","BRB","AMR",0,0,0,0,0,0,0,0,0,0,0,0,0,0,0,0,0,0,0,0,0,0,0,0,0,0,0,0,0,0,"Barbados"
"31","BRN","WPR",0,0,1,0,0,1,0,0,0,0,0,0,0,0,0,0,0,1,0,0,1,0,0,0,0,0,0,0,0,0,"Brunei Darussalam"
"32","BTN","SEA",32,18,52,25,6,48,0,0,0,0,0,0,0,0,0,32,18,52,25,6,48,0,0,0,0,0,0,0,0,0,"Bhutan"
"33","BWA","AFR",138,50,287,98,4,257,55,5,216,3,1,9,2,0,8,66,14,170,50,0,164,12,250,419,10,29,58,14,780,886,"Botswana"
"34","CAF","AFR",1014,533,1831,668,145,1457,429,56,1516,0,0,0,0,0,0,494,142,943,379,65,874,5,231,450,4,31,81,5,751,901,"Central African Republic"
"35","CAN","AMR",8,2,29,5,0,29,0,0,0,1,1,4,1,0,4,7,0,28,3,0,28,0,0,0,0,0,0,0,0,0,"Canada"
"36","CHE","EUR",4,1,12,3,0,12,0,0,0,0,0,1,0,0,1,3,0,11,2,0,11,0,0,0,0,0,0,0,0,0,"Switzerland"
"37","CHL","AMR",58,28,100,45,1,98,0,0,0,1,0,2,0,0,2,58,27,99,45,0,97,0,0,0,0,0,0,0,0,0,"Chile"
"38","CHN","WPR",21831,12728,34653,17353,4421,33567,0,0,0,37,17,84,5,1,18,21782,12700,34627,17349,4414,33559,0,0,0,0,0,0,0,0,0,"China"
"39","CIV","AFR",1426,676,2691,1119,162,2451,448,54,1914,9,3,21,4,1,13,877,290,1662,735,94,1590,3,158,337,3,18,47,4,657,832,"Côte d'Ivoire"
"40","CMR","AFR",2654,1404,4824,1842,446,3933,1080,148,3931,0,0,0,0,0,0,1402,511,2602,1085,212,2340,4,215,425,3,29,75,4,686,874,"Cameroon"
"41","COD","AFR",11292,5936,19640,8904,1822,16993,1833,183,11373,25,10,61,3,1,11,8567,3813,15021,7099,1556,13967,1,75,176,1,8,21,1,460,692,"Democratic Republic of the Congo"
"42","COG","AFR",565,227,1186,427,20,1120,193,22,917,8,3,20,4,1,17,302,87,700,257,0,687,3,174,376,3,19,54,3,655,848,"Congo"
"43","COK","WPR",0,0,0,0,0,0,0,0,0,0,0,0,0,0,0,0,0,0,0,0,0,0,0,0,0,0,0,0,0,0,"Cook Islands"
"44","COL","AMR",258,107,503,200,4,480,4,0,37,7,3,17,4,1,15,242,96,475,191,0,462,0,5,16,0,0,2,0,50,133,"Colombia"
"45","COM","AFR",11,6,17,9,2,16,0,0,0,0,0,0,0,0,0,11,6,17,9,2,16,0,0,0,0,0,0,0,0,0,"Comoros"
"46","CPV","AFR",24,13,41,18,4,38,0,0,0,0,0,0,0,0,0,24,13,41,18,4,38,0,0,0,0,0,0,0,0,0,"Cabo Verde"
"47","CRI","AMR",9,4,16,7,0,16,0,0,1,0,0,0,0,0,0,8,3,16,7,0,15,0,4,10,0,0,1,0,34,92,"Costa Rica"
"48","CUB","AMR",11,5,20,7,0,19,0,0,0,0,0,1,0,0,1,11,5,20,7,0,19,0,1,2,0,0,0,0,6,16,"Cuba"
"49","CUW","AMR",0,0,0,0,0,0,0,0,0,0,0,0,0,0,0,0,0,0,0,0,0,0,0,0,0,0,0,0,0,0,"Curaçao"
"50","CYM","AMR",0,0,0,0,0,0,0,0,0,0,0,0,0,0,0,0,0,0,0,0,0,0,0,0,0,0,0,0,0,0,"Cayman Islands"
"51","CYP","EUR",1,1,1,1,0,1,0,0,0,0,0,0,0,0,0,1,1,1,1,0,1,0,0,0,0,0,0,0,0,0,"Cyprus"
"52","CZE","EUR",9,5,15,7,0,14,0,0,0,0,0,0,0,0,0,9,4,15,7,0,14,0,0,0,0,0,0,0,0,0,"Czech Republic"
"53","DEU","EUR",71,27,151,58,1,148,0,0,0,3,1,6,1,0,5,68,23,147,57,0,146,0,0,0,0,0,0,0,0,0,"Germany"
"54","DJI","EMR",132,70,233,100,19,202,35,3,167,0,0,1,0,0,0,86,34,149,71,12,142,2,124,283,1,12,33,5,592,800,"Djibouti"
"55","DMA","AMR",0,0,0,0,0,0,0,0,0,0,0,0,0,0,0,0,0,0,0,0,0,0,0,0,0,0,0,0,0,0,"Dominica"
"56","DNK","EUR",4,1,8,3,0,8,0,0,0,0,0,0,0,0,0,3,1,8,3,0,8,0,0,0,0,0,0,0,0,0,"Denmark"
"57","DOM","AMR",131,57,253,102,4,243,9,1,68,2,1,5,1,0,4,113,47,228,90,0,226,1,28,75,0,3,6,1,206,432,"Dominican Republic"
"58","DZA","AFR",926,524,1439,770,194,1376,1,0,10,0,0,0,0,0,0,924,523,1439,769,192,1376,0,1,1,0,0,0,0,5,12,"Algeria"
"59","ECU","AMR",170,76,326,140,11,317,1,0,13,2,1,5,1,0,4,166,72,320,137,9,311,0,3,5,0,0,0,0,33,67,"Ecuador"
"60","EGY","EMR",229,101,436,174,5,425,0,0,4,9,4,28,7,2,26,219,89,426,167,0,420,0,0,1,0,0,0,0,5,18,"Egypt"
"61","ERI","AFR",132,42,269,114,3,255,10,1,88,4,2,9,2,1,7,111,29,232,100,0,230,1,31,83,0,3,8,1,244,479,"Eritrea"
"62","ESP","EUR",48,14,118,38,1,117,0,0,0,4,2,10,2,1,9,43,10,114,35,0,112,0,0,0,0,0,0,0,2,6,"Spain"
"63","EST","EUR",4,2,7,3,0,7,0,0,0,0,0,0,0,0,0,4,2,7,3,0,7,0,0,0,0,0,0,0,0,0,"Estonia"
"64","ETH","AFR",2019,296,6222,1581,98,5866,469,45,3045,210,83,527,120,31,430,1077,0,4267,999,0,4267,1,84,302,1,9,33,2,471,829,"Ethiopia"
"65","FIN","EUR",4,1,8,4,0,8,0,0,0,0,0,0,0,0,0,4,1,8,4,0,8,0,0,0,0,0,0,0,0,0,"Finland"
"66","FJI","WPR",3,0,13,3,0,13,0,0,0,1,0,2,0,0,2,2,0,12,2,0,12,0,0,0,0,0,0,0,0,0,"Fiji"
"67","FRA","EUR",48,17,118,38,1,117,0,0,0,4,2,9,2,1,8,44,13,114,35,0,114,0,0,0,0,0,0,0,0,0,"France"
"68","FSM","WPR",1,0,4,0,0,4,0,0,0,0,0,1,0,0,0,0,0,4,0,0,4,0,0,0,0,0,0,0,0,0,"Micronesia (Federated States of)"
"69","GAB","AFR",290,117,560,236,14,526,90,10,398,5,2,13,2,1,10,163,50,355,142,0,355,4,162,331,3,20,48,5,664,830,"Gabon"
"70","GBR","EUR",114,46,205,96,2,204,0,0,0,3,1,7,2,0,6,111,42,203,95,0,203,0,0,0,0,0,0,0,0,0,"United Kingdom of Great Britain and Northern Ireland"
"71","GEO","EUR",80,34,139,74,7,138,0,0,3,2,1,4,1,0,2,77,32,137,72,6,137,0,2,3,0,0,0,0,15,36,"Georgia"
"72","GHA","AFR",1353,666,2441,1028,209,2185,272,34,1444,8,3,19,4,1,14,949,397,1744,756,133,1673,2,94,219,1,12,30,2,468,740,"Ghana"
"73","GIN","AFR",1049,563,1805,785,187,1507,178,23,1041,0,0,0,0,0,0,780,377,1323,619,139,1205,1,76,187,1,10,27,1,429,680,"Guinea"
"74","GMB","AFR",109,64,181,82,22,157,25,3,128,0,0,0,0,0,0,76,35,124,61,15,118,2,104,241,2,13,32,2,517,743,"Gambia"
"75","GNB","AFR",328,154,648,242,47,501,136,16,534,1,0,3,0,0,2,167,52,335,133,24,323,4,213,427,3,24,65,4,728,889,"Guinea-Bissau"
"76","GNQ","AFR",69,36,118,49,6,96,41,7,103,0,0,1,0,0,1,25,6,51,20,2,49,7,340,606,7,61,145,8,833,935,"Equatorial Guinea"
"77","GRC","EUR",5,2,9,4,0,9,0,0,0,0,0,0,0,0,0,4,2,9,3,0,9,0,2,7,0,0,1,0,22,77,"Greece"
"78","GRD","AMR",0,0,0,0,0,0,0,0,0,0,0,0,0,0,0,0,0,0,0,0,0,0,0,0,0,0,0,0,0,0,"Grenada"
"79","GRL","EUR",0,0,0,0,0,0,0,0,0,0,0,0,0,0,0,0,0,0,0,0,0,0,0,0,0,0,0,0,0,0,"Greenland"
"80","GTM","AMR",100,32,212,82,3,210,4,0,33,5,2,13,3,1,11,87,24,198,75,0,197,0,15,40,0,2,5,0,122,320,"Guatemala"
"81","GUM","WPR",0,0,1,0,0,1,0,0,0,0,0,1,0,0,1,0,0,0,0,0,0,0,0,0,0,0,0,0,0,0,"Guam"
"82","GUY","AMR",15,7,27,13,2,26,1,0,7,0,0,0,0,0,0,14,6,25,12,2,25,1,25,46,0,2,4,3,240,402,"Guyana"
"83","HKG","WPR",0,0,1,0,0,0,0,0,0,0,0,1,0,0,0,0,0,0,0,0,0,0,0,0,0,0,0,0,0,0,"China, Hong Kong SAR"
"84","HND","AMR",83,37,150,67,1,148,1,0,10,2,1,4,1,0,3,80,35,147,64,0,144,0,5,12,0,0,1,0,53,124,"Honduras"
"85","HRV","EUR",7,3,14,6,0,14,0,0,0,0,0,0,0,0,0,7,3,14,6,0,14,0,0,0,0,0,0,0,0,0,"Croatia"
"86","HTI","AMR",360,112,901,218,15,793,114,12,587,19,7,53,13,3,47,172,37,537,118,0,535,3,127,362,2,14,53,3,573,845,"Haiti"
"87","HUN","EUR",16,8,27,13,2,26,0,0,0,0,0,0,0,0,0,16,8,27,13,2,26,0,0,0,0,0,0,0,0,0,"Hungary"
"88","IDN","SEA",14534,6409,28517,10892,287,27012,720,75,5605,397,164,962,260,82,835,13098,5065,26185,10094,0,25701,0,16,52,0,2,5,0,119,313,"Indonesia"
"89","IND","SEA",60021,25094,111133,51719,4471,108993,3235,302,31471,1007,438,2335,305,101,1124,53457,21291,98767,48276,3062,98767,0,22,57,0,2,6,0,204,436,"India"
"90","IRL","EUR",6,2,11,5,1,11,0,0,0,0,0,0,0,0,0,5,2,11,5,1,11,0,0,0,0,0,0,0,0,0,"Ireland"
"91","IRN","EMR",251,107,457,210,6,452,5,0,43,4,2,10,2,1,8,238,98,442,203,3,435,0,7,21,0,1,2,0,61,168,"Iran (Islamic Republic of)"
"92","IRQ","EMR",427,196,742,374,35,737,0,0,0,7,3,16,3,1,10,418,189,732,370,30,731,0,0,0,0,0,0,0,0,0,"Iraq"
"93","ISL","EUR",0,0,0,0,0,0,0,0,0,0,0,0,0,0,0,0,0,0,0,0,0,0,0,0,0,0,0,0,0,0,"Iceland"
"94","ISR","EUR",5,2,9,4,0,8,0,0,0,0,0,0,0,0,0,5,2,9,3,0,8,0,0,0,0,0,0,0,0,0,"Israel"
"95","ITA","EUR",24,5,68,19,1,67,1,0,11,2,1,5,1,0,4,19,3,63,17,0,63,0,13,49,0,2,5,0,115,376,"Italy"
"96","JAM","AMR",2,1,5,2,0,5,0,0,0,0,0,0,0,0,0,2,1,4,2,0,4,0,9,18,0,1,1,1,93,180,"Jamaica"
"97","JOR","EMR",9,3,19,8,0,18,0,0,0,0,0,1,0,0,1,9,3,18,8,0,18,0,0,0,0,0,0,0,0,0,"Jordan"
"98","JPN","WPR",400,218,622,299,53,578,0,0,0,1,0,2,1,0,2,399,217,622,299,53,577,0,0,0,0,0,0,0,0,0,"Japan"
"99","KAZ","EUR",284,123,524,245,25,515,1,0,10,5,2,11,2,1,8,277,118,516,240,24,511,0,1,3,0,0,0,0,16,34,"Kazakhstan"
"100","KEN","AFR",2690,1050,5212,2092,70,4991,660,73,3288,78,26,221,50,12,195,1621,478,3712,1351,0,3705,5,135,268,4,16,36,6,577,780,"Kenya"
"101","KGZ","EUR",192,69,363,185,28,359,1,0,9,6,3,13,2,0,7,184,61,356,182,26,356,0,3,5,0,0,1,0,24,45,"Kyrgyzstan"
"102","KHM","WPR",883,74,2258,817,22,2147,47,4,647,74,34,168,30,9,105,690,0,1939,690,0,1939,1,23,74,0,3,7,1,209,532,"Cambodia"
"103","KIR","WPR",2,1,6,1,0,5,0,0,0,2,1,6,1,0,4,0,0,0,0,0,0,0,0,0,0,0,0,0,0,0,"Kiribati"
"104","KNA","AMR",0,0,0,0,0,0,0,0,0,0,0,0,0,0,0,0,0,0,0,0,0,0,0,0,0,0,0,0,0,0,"Saint Kitts and Nevis"
"105","KOR","WPR",1094,634,1698,847,170,1639,0,0,0,2,1,4,0,0,1,1092,633,1697,846,169,1638,0,0,0,0,0,0,0,0,0,"Republic of Korea"
"106","KWT","EMR",18,8,29,14,1,28,0,0,0,0,0,1,0,0,1,17,8,29,14,1,28,0,0,0,0,0,0,0,0,0,"Kuwait"
"107","LAO","WPR",652,364,1100,512,120,1012,24,3,208,1,0,1,0,0,1,608,335,1050,482,112,983,0,13,37,0,2,4,0,116,293,"Lao People's Democratic Republic"
"108","LBN","EMR",5,1,16,4,0,16,0,0,0,1,0,2,0,0,1,4,0,15,4,0,15,0,0,0,0,0,0,0,0,0,"Lebanon"
"109","LBR","AFR",792,444,1391,572,165,1138,228,26,1042,0,0,0,0,0,0,488,194,863,383,90,814,2,136,305,2,15,40,2,588,803,"Liberia"
"110","LBY","EMR",64,29,115,51,7,110,0,0,0,1,0,1,0,0,1,63,29,114,51,7,110,0,0,0,0,0,0,0,0,0,"Libya"
"111","LCA","AMR",0,0,1,0,0,0,0,0,0,0,0,0,0,0,0,0,0,1,0,0,0,0,0,0,0,0,0,0,0,0,"Saint Lucia"
"112","LKA","SEA",292,122,519,227,7,490,1,0,7,4,2,11,3,1,10,285,117,508,222,4,487,0,1,2,0,0,0,0,8,25,"Sri Lanka"
"113","LSO","AFR",489,223,900,329,42,757,326,59,782,2,0,5,1,0,4,143,26,375,108,10,351,17,462,693,16,79,183,18,889,952,"Lesotho"
"114","LTU","EUR",40,20,64,34,5,64,0,0,0,0,0,1,0,0,0,39,19,64,34,5,64,0,0,0,0,0,0,0,0,0,"Lithuania"
"115","LUX","EUR",0,0,0,0,0,0,0,0,0,0,0,0,0,0,0,0,0,0,0,0,0,0,0,0,0,0,0,0,0,0,"Luxembourg"
"116","LVA","EUR",18,9,32,16,2,31,0,0,2,0,0,1,0,0,0,18,8,31,16,2,31,0,4,9,0,0,1,0,44,93,"Latvia"
"117","MAC","WPR",0,0,0,0,0,0,0,0,0,0,0,0,0,0,0,0,0,0,0,0,0,0,0,0,0,0,0,0,0,0,"China, Macao SAR"
"118","MAR","EMR",860,348,1606,805,75,1589,2,0,25,21,10,47,7,2,25,831,320,1574,795,64,1574,0,1,3,0,0,0,0,14,33,"Morocco"
"119","MCO","EUR",0,0,0,0,0,0,0,0,0,0,0,0,0,0,0,0,0,0,0,0,0,0,0,0,0,0,0,0,0,0,"Monaco"
"120","MDA","EUR",78,30,148,62,1,143,1,0,20,1,1,4,1,0,3,74,25,141,60,0,138,0,10,21,0,1,1,1,113,225,"Republic of Moldova"
"121","MDG","AFR",1940,794,3535,1538,90,3335,148,14,1154,32,13,79,21,6,69,1682,625,3079,1363,46,2981,0,28,80,0,3,9,0,234,474,"Madagascar"
"122","MDV","SEA",3,1,6,2,0,6,0,0,0,0,0,0,0,0,0,2,1,6,2,0,6,0,0,0,0,0,0,0,0,0,"Maldives"
"123","MEX","AMR",520,222,954,418,8,943,1,0,14,10,4,27,6,2,22,509,204,943,411,0,933,0,1,3,0,0,0,0,13,31,"Mexico"
"124","MHL","WPR",0,0,1,0,0,0,0,0,0,0,0,1,0,0,0,0,0,0,0,0,0,0,0,0,0,0,0,0,0,0,"Marshall Islands"
"125","MKD","EUR",4,1,7,3,0,7,0,0,0,0,0,0,0,0,0,3,1,7,3,0,7,0,0,0,0,0,0,0,0,0,"The Former Yugoslav Republic of Macedonia"
"126","MLI","AFR",412,211,692,313,88,609,82,9,406,0,0,0,0,0,0,301,140,517,244,62,480,1,90,213,1,9,26,2,437,688,"Mali"
"127","MLT","EUR",1,0,1,0,0,1,0,0,0,0,0,0,0,0,0,1,0,1,0,0,1,0,0,0,0,0,0,0,0,0,"Malta"
"128","MMR","SEA",585,233,1711,340,93,1279,84,6,855,454,197,1173,262,71,974,0,0,0,0,0,0,1,21,146,1,2,14,1,174,674,"Myanmar"
"129","MNE","EUR",3,1,4,2,0,4,0,0,0,0,0,0,0,0,0,3,1,4,2,0,4,0,0,0,0,0,0,0,0,0,"Montenegro"
"130","MNG","WPR",161,47,331,138,3,324,2,0,22,5,2,13,3,1,11,151,40,311,133,0,311,0,4,13,0,0,1,0,45,144,"Mongolia"
"131","MNP","WPR",0,0,0,0,0,0,0,0,0,0,0,0,0,0,0,0,0,0,0,0,0,0,0,0,0,0,0,0,0,0,"Northern Mariana Islands"
"132","MOZ","AFR",5987,3132,10168,4186,1082,8676,2357,302,8094,0,0,0,0,0,0,3151,993,6130,2458,480,5607,8,240,414,6,30,62,12,735,875,"Mozambique"
"133","MRT","AFR",146,60,273,120,9,259,17,1,107,2,1,5,1,0,3,118,44,227,100,8,220,1,49,126,0,4,11,1,290,550,"Mauritania"
"134","MSR","AMR",0,0,0,0,0,0,0,0,0,0,0,0,0,0,0,0,0,0,0,0,0,0,0,0,0,0,0,0,0,0,"Montserrat"
"135","MUS","AFR",6,3,10,4,1,9,0,0,0,0,0,0,0,0,0,6,3,10,4,1,9,0,0,0,0,0,0,0,0,0,"Mauritius"
"136","MWI","AFR",1300,516,2460,986,57,2300,649,98,1989,13,4,38,8,2,31,522,131,1288,438,2,1216,11,309,533,10,52,118,12,806,905,"Malawi"
"137","MYS","WPR",641,293,1087,507,24,1055,2,0,26,9,4,23,5,2,18,628,282,1069,493,17,1045,0,2,3,0,0,0,0,17,42,"Malaysia"
"138","NAM","AFR",195,58,469,117,7,439,75,8,322,8,2,25,6,1,23,80,17,266,53,0,262,11,224,438,10,27,65,12,716,883,"Namibia"
"139","NCL","WPR",0,0,0,0,0,0,0,0,0,0,0,0,0,0,0,0,0,0,0,0,0,0,0,0,0,0,0,0,0,0,"New Caledonia"
"140","NER","AFR",798,366,1453,618,67,1323,79,9,601,7,3,22,6,1,20,646,278,1198,529,53,1142,1,40,107,1,5,13,1,292,534,"Niger"
"141","NGA","AFR",25775,14082,47262,18704,4389,40467,8048,1040,35226,48,18,122,24,6,91,15488,6052,29343,12491,2579,26976,3,150,329,2,19,50,3,606,821,"Nigeria"
"142","NIC","AMR",87,49,143,66,14,136,1,0,7,0,0,0,0,0,0,86,48,142,65,14,134,0,3,6,0,0,1,0,36,82,"Nicaragua"
"143","NIU","WPR",0,0,0,0,0,0,0,0,0,0,0,0,0,0,0,0,0,0,0,0,0,0,0,0,0,0,0,0,0,0,"Niue"
"144","NLD","EUR",11,3,25,10,0,25,0,0,0,0,0,1,0,0,1,11,3,25,10,0,25,0,0,0,0,0,0,0,0,0,"Netherlands"
"145","NOR","EUR",4,1,10,4,0,10,0,0,0,0,0,0,0,0,0,4,1,10,4,0,10,0,0,0,0,0,0,0,0,0,"Norway"
"146","NPL","SEA",1051,436,2000,838,13,1958,19,2,186,25,11,62,12,3,48,976,400,1887,803,0,1883,0,7,19,0,1,2,0,67,170,"Nepal"
"147","NRU","WPR",0,0,0,0,0,0,0,0,0,0,0,0,0,0,0,0,0,0,0,0,0,0,0,0,0,0,0,0,0,0,"Nauru"
"148","NZL","WPR",5,2,10,5,0,9,0,0,0,0,0,0,0,0,0,5,2,9,4,0,9,0,0,0,0,0,0,0,0,0,"New Zealand"
"149","OMN","EMR",5,2,9,4,0,9,0,0,0,0,0,1,0,0,0,4,2,9,4,0,8,0,0,0,0,0,0,0,0,0,"Oman"
"150","PAK","EMR",7010,960,16848,6319,159,16557,54,5,590,422,181,926,194,54,698,6422,466,15941,5981,0,15894,0,3,9,0,0,1,0,28,87,"Pakistan"
"151","PAN","AMR",12,2,34,3,1,32,0,0,4,2,1,6,2,0,5,9,0,30,0,0,29,0,6,22,0,0,1,1,78,253,"Panama"
"152","PER","AMR",698,241,1397,612,15,1355,4,0,57,18,9,40,8,2,29,666,220,1355,597,0,1338,0,3,6,0,0,1,0,35,74,"Peru"
"153","PHL","WPR",1576,289,6797,687,117,6638,9,0,100,469,208,1306,313,98,1157,984,0,6352,0,0,6352,0,1,6,0,0,0,0,9,76,"Philippines"
"154","PLW","WPR",0,0,0,0,0,0,0,0,0,0,0,0,0,0,0,0,0,0,0,0,0,0,0,0,0,0,0,0,0,0,"Palau"
"155","PNG","WPR",1196,703,2000,896,202,1736,185,18,1031,2,1,3,0,0,1,942,486,1561,739,168,1429,1,64,157,1,7,18,1,366,616,"Papua New Guinea"
"156","POL","EUR",149,77,241,123,22,236,0,0,0,1,0,2,0,0,1,148,76,240,123,21,236,0,0,0,0,0,0,0,0,0,"Poland"
"157","PRI","AMR",0,0,0,0,0,0,0,0,0,0,0,0,0,0,0,0,0,0,0,0,0,0,0,0,0,0,0,0,0,0,"Puerto Rico"
"158","PRK","SEA",2062,515,4323,1899,30,4249,0,0,0,67,32,145,21,6,76,1985,458,4221,1872,0,4221,0,0,0,0,0,0,0,0,0,"Democratic People's Republic of Korea"
"159","PRT","EUR",45,23,79,33,2,76,0,0,0,0,0,1,0,0,1,44,22,78,33,2,76,0,0,0,0,0,0,0,0,0,"Portugal"
"160","PRY","AMR",47,20,95,36,1,92,1,0,8,2,1,6,2,0,6,43,17,89,33,0,88,0,6,15,0,1,1,1,63,181,"Paraguay"
"161","PSE","EMR",0,0,0,0,0,0,0,0,0,0,0,0,0,0,0,0,0,0,0,0,0,0,0,0,0,0,0,0,0,0,"West Bank and Gaza Strip"
"162","PYF","WPR",0,0,0,0,0,0,0,0,0,0,0,0,0,0,0,0,0,0,0,0,0,0,0,0,0,0,0,0,0,0,"French Polynesia"
"163","QAT","EMR",17,10,26,14,4,24,0,0,0,0,0,0,0,0,0,17,10,26,14,4,24,0,0,0,0,0,0,0,0,0,"Qatar"
"164","ROU","EUR",262,96,506,227,4,501,0,0,0,8,4,19,4,1,15,252,89,495,223,0,495,0,0,0,0,0,0,0,0,0,"Romania"
"165","RUS","EUR",1989,845,3558,1644,39,3525,0,0,0,40,17,100,24,6,77,1953,803,3495,1621,0,3488,0,0,0,0,0,0,0,0,0,"Russian Federation"
"166","RWA","AFR",288,166,449,218,58,396,35,4,238,0,0,0,0,0,0,229,122,373,180,46,345,2,65,134,2,8,16,3,413,623,"Rwanda"
"167","SAU","EMR",71,31,123,61,5,122,0,0,0,1,1,3,1,0,2,70,29,122,61,4,121,0,0,0,0,0,0,0,0,0,"Saudi Arabia"
"168","SDN","EMR",786,213,1730,666,15,1681,32,3,287,30,14,71,16,4,54,684,159,1555,612,0,1547,0,16,46,0,2,5,0,135,330,"Sudan"
"169","SEN","AFR",817,356,1424,667,69,1360,81,10,603,9,4,21,4,1,16,655,268,1208,558,52,1186,1,42,108,1,5,13,1,310,564,"Senegal"
"170","SGP","WPR",51,29,81,40,9,77,0,0,0,0,0,0,0,0,0,51,29,81,40,9,77,0,0,0,0,0,0,0,0,0,"Singapore"
"171","SLB","WPR",1,0,2,0,0,2,0,0,0,1,0,2,0,0,2,0,0,0,0,0,0,0,0,0,0,0,0,0,0,0,"Solomon Islands"
"172","SLE","AFR",915,505,1604,661,182,1334,203,26,1123,0,0,0,0,0,0,648,291,1102,498,126,996,2,98,238,1,12,35,2,525,752,"Sierra Leone"
"173","SLV","AMR",40,13,90,36,1,89,0,0,5,2,1,6,1,0,5,36,11,86,33,0,86,0,4,11,0,0,1,0,53,130,"El Salvador"
"174","SMR","EUR",0,0,0,0,0,0,0,0,0,0,0,0,0,0,0,0,0,0,0,0,0,0,0,0,0,0,0,0,0,0,"San Marino"
"175","SOM","EMR",899,268,2126,702,28,2052,118,11,884,42,18,110,29,9,94,654,142,1677,553,0,1677,1,47,143,0,5,16,1,329,682,"Somalia"
"176","SRB","EUR",33,16,56,26,3,55,0,0,0,0,0,1,0,0,0,33,16,56,26,3,54,0,0,0,0,0,0,0,0,0,"Serbia"
"177","SSD","AFR",4,1,16,1,0,4,3,0,15,1,0,3,0,0,1,0,0,0,0,0,0,3,164,682,2,18,151,4,666,958,"South Sudan"
"178","STP","AFR",4,1,7,4,0,7,0,0,0,0,0,0,0,0,0,4,1,7,3,0,7,0,0,0,0,0,0,0,0,0,"Sao Tome and Principe"
"179","SUR","AMR",3,1,6,3,0,6,0,0,1,0,0,0,0,0,0,3,1,6,2,0,6,0,8,18,0,1,1,1,90,184,"Suriname"
"180","SVK","EUR",1,0,2,1,0,2,0,0,0,1,0,2,1,0,2,0,0,0,0,0,0,0,0,0,0,0,0,0,0,0,"Slovakia"
"181","SVN","EUR",3,2,5,2,0,4,0,0,0,0,0,0,0,0,0,3,2,5,2,0,4,0,0,0,0,0,0,0,0,0,"Slovenia"
"182","SWE","EUR",16,5,30,15,2,30,0,0,0,0,0,1,0,0,0,15,5,30,15,2,30,0,0,0,0,0,0,0,0,0,"Sweden"
"183","SWZ","AFR",132,46,272,83,5,238,81,13,223,2,0,8,1,0,7,34,4,131,24,0,130,21,428,687,20,70,161,22,884,957,"Swaziland"
"184","SXM","AMR",0,0,0,0,0,0,0,0,0,0,0,0,0,0,0,0,0,0,0,0,0,0,0,0,0,0,0,0,0,0,"Sint Maarten (Dutch part)"
"185","SYC","AFR",0,0,0,0,0,0,0,0,0,0,0,0,0,0,0,0,0,0,0,0,0,0,0,0,0,0,0,0,0,0,"Seychelles"
"186","SYR","EMR",29,6,88,9,1,86,0,0,0,5,2,14,4,1,13,23,1,83,2,0,83,0,0,0,0,0,0,0,0,0,"Syrian Arab Republic"
"187","TCA","AMR",0,0,0,0,0,0,0,0,0,0,0,0,0,0,0,0,0,0,0,0,0,0,0,0,0,0,0,0,0,0,"Turks and Caicos Islands"
"188","TCD","AFR",802,344,1557,608,39,1389,233,26,1101,9,3,24,5,1,20,487,159,969,401,8,953,3,135,312,2,18,51,3,614,823,"Chad"
"189","TGO","AFR",162,84,290,127,26,255,44,6,210,1,0,1,0,0,1,102,41,188,85,17,179,3,134,285,2,19,44,4,635,818,"Togo"
"190","THA","SEA",1845,951,3183,1310,206,2893,35,3,341,0,0,0,0,0,0,1801,917,3095,1283,202,2877,0,9,19,0,1,2,0,80,159,"Thailand"
"191","TJK","EUR",4,2,9,2,0,6,0,0,1,4,2,9,2,0,6,0,0,0,0,0,0,0,2,14,0,0,1,0,23,170,"Tajikistan"
"192","TKL","WPR",0,0,0,0,0,0,0,0,0,0,0,0,0,0,0,0,0,0,0,0,0,0,0,0,0,0,0,0,0,0,"Tokelau"
"193","TKM","EUR",111,63,180,87,20,168,0,0,0,0,0,0,0,0,0,111,63,180,87,20,168,0,0,0,0,0,0,0,0,0,"Turkmenistan"
"194","TLS","SEA",276,157,448,212,59,422,0,0,0,0,0,0,0,0,0,276,157,448,212,59,422,0,0,0,0,0,0,0,0,0,"Timor-Leste"
"195","TON","WPR",0,0,1,0,0,1,0,0,0,0,0,0,0,0,0,0,0,1,0,0,1,0,0,0,0,0,0,0,0,0,"Tonga"
"196","TTO","AMR",5,3,8,4,1,8,0,0,0,0,0,0,0,0,0,5,3,8,4,1,8,0,5,10,0,0,1,0,45,88,"Trinidad and Tobago"
"197","TUN","EMR",89,47,142,71,15,133,0,0,0,0,0,1,0,0,1,89,47,142,71,15,133,0,0,0,0,0,0,0,0,0,"Tunisia"
"198","TUR","EUR",225,81,441,195,3,437,0,0,0,8,3,18,4,1,13,217,75,434,190,0,434,0,0,0,0,0,0,0,0,0,"Turkey"
"199","TUV","WPR",0,0,0,0,0,0,0,0,0,0,0,0,0,0,0,0,0,0,0,0,0,0,0,0,0,0,0,0,0,0,"Tuvalu"
"200","TZA","AFR",5053,2055,9869,3807,187,8984,1415,156,6512,63,24,182,40,11,151,3030,1021,6646,2510,0,6380,4,143,301,3,20,45,4,601,800,"United Republic of Tanzania"
"201","UGA","AFR",1859,745,3705,1430,73,3510,597,71,2675,30,10,85,18,4,69,1054,257,2391,870,0,2369,5,171,352,5,19,54,6,655,841,"Uganda"
"202","UKR","EUR",626,289,1152,487,46,1102,16,1,152,8,3,19,5,1,16,587,256,1092,464,36,1039,0,13,27,0,1,2,1,111,222,"Ukraine"
"203","URY","AMR",12,3,28,11,0,28,0,0,1,1,0,2,0,0,1,11,2,27,10,0,27,0,2,4,0,0,0,0,20,58,"Uruguay"
"204","USA","AMR",89,32,224,61,2,223,0,0,0,6,3,20,5,1,18,81,25,217,56,0,213,0,0,0,0,0,0,0,0,0,"United States of America"
"205","UZB","EUR",426,67,994,408,9,978,1,0,17,18,9,40,6,2,20,407,46,964,399,0,964,0,1,3,0,0,0,0,16,39,"Uzbekistan"
"206","VCT","AMR",0,0,0,0,0,0,0,0,0,0,0,0,0,0,0,0,0,0,0,0,0,0,0,0,0,0,0,0,0,0,"Saint Vincent and the Grenadines"
"207","VEN","AMR",162,63,343,123,3,331,5,0,46,6,3,15,4,1,13,143,52,321,114,0,320,0,10,29,0,1,3,0,89,261,"Venezuela (Bolivarian Republic of)"
"208","VGB","AMR",0,0,0,0,0,0,0,0,0,0,0,0,0,0,0,0,0,0,0,0,0,0,0,0,0,0,0,0,0,0,"British Virgin Islands"
"209","VIR","AMR",0,0,0,0,0,0,0,0,0,0,0,0,0,0,0,0,0,0,0,0,0,0,0,0,0,0,0,0,0,0,"US Virgin Islands"
"210","VNM","WPR",3362,1816,5362,2612,512,5026,40,4,366,1,1,3,1,0,2,3295,1767,5279,2552,509,4896,0,6,12,0,1,1,0,51,106,"Viet Nam"
"211","VUT","WPR",5,3,8,4,1,7,0,0,0,0,0,0,0,0,0,5,3,8,4,1,7,0,0,0,0,0,0,0,0,0,"Vanuatu"
"212","WLF","WPR",0,0,0,0,0,0,0,0,0,0,0,0,0,0,0,0,0,0,0,0,0,0,0,0,0,0,0,0,0,0,"Wallis and Futuna Islands"
"213","WSM","WPR",1,0,1,1,0,1,0,0,0,0,0,0,0,0,0,1,0,1,1,0,1,0,0,0,0,0,0,0,0,0,"Samoa"
"214","YEM","EMR",482,280,738,382,98,690,4,0,45,0,0,0,0,0,0,475,270,720,376,97,668,0,3,9,0,0,1,0,33,98,"Yemen"
"215","ZAF","AFR",4768,948,13702,2164,320,10950,2923,302,12106,275,63,920,210,40,842,983,0,4725,0,0,4678,15,323,682,14,51,147,17,826,961,"South Africa"
"216","ZMB","AFR",2000,868,3783,1544,94,3433,1033,136,3213,19,5,51,10,2,39,821,184,1967,701,7,1884,11,326,542,10,44,100,12,827,921,"Zambia"
"217","ZWE","AFR",1398,614,2712,1029,64,2438,586,75,2107,17,4,48,11,2,40,675,156,1505,530,0,1455,12,259,437,11,38,86,13,779,897,"Zimbabwe"
